"RMSE","MSE","MAE"
0.773897384147231,0.598917161189926,0.604722462899983
0.796486813512508,0.634391244099309,0.634383501835186
0.517699255091256,0.268012518722041,0.401974778115749
